machine,n_segments,hitrate_at_1
machine-1-1,8,0.6093029953917051
machine-1-2,10,0.5998809523809523
machine-1-3,11,0.47372039724980897
machine-1-4,12,0.3794817927170868
machine-1-5,7,0.6884353741496599
machine-1-6,30,0.5270765278466516
machine-1-7,13,0.653931623931624
machine-1-8,20,0.4187301587301587
machine-2-1,13,0.2534632034632035
machine-2-2,11,0.5397186147186147
machine-2-3,10,0.5749836829836831
machine-2-4,20,0.7452380952380953
machine-2-5,21,0.8226551226551225
machine-2-6,8,0.4821428571428571
machine-2-7,20,0.9035714285714285
machine-2-8,1,0.9411764705882353
machine-2-9,10,0.6755555555555556
machine-3-1,4,0.6270833333333333
machine-3-10,13,0.6491324465008675
machine-3-11,3,0.40724637681159415
machine-3-2,9,0.14814814814814814
machine-3-3,28,0.7324979114452799
machine-3-4,8,0.4270833333333333
machine-3-5,11,0.4431210500729217
machine-3-6,11,0.4776648472300646
machine-3-7,5,0.317012987012987
machine-3-8,6,0.5604256854256854
machine-3-9,4,0.592948717948718
