dataset,method,pr_auc,auc_roc,auc_pr_t,f1,p,r
MSL,ALoRa,0.209420622,0.650331868,0.106134249,0.28931483,0.236607884,0.61521563
MSL,CANDI,0.273205766,0.643341414,0.163094846,0.356911701,0.352665817,0.554271248
MSL,KAN-AD,0.264058868,0.634961651,0.067575095,0.347306975,0.378851109,0.473449134
MSL,SensitiveHUE,0.243818584,0.649074279,0.09395344,0.330799912,0.327436556,0.641567532
MSL,TVL-D,0.424473116,0.798010894,0.332717506,0.52057583,0.507315426,0.672371832
MSL,TopoGDN,0.178255529,0.625871952,0.065565184,0.265136142,0.207994545,0.666171782
MSL,xLSTMAD,0.248035019,0.64229189,0.164010317,0.352940461,0.342469683,0.563101864
PSM,ALoRa,0.528353872,0.706483153,0.472940415,0.493238913,0.404674273,0.631429978
PSM,CANDI,0.541857588,0.781983387,0.371868217,0.558033246,0.506676483,0.62097535
PSM,KAN-AD,0.360431337,0.561396274,0.39915569,0.419701861,0.293140782,0.738575765
PSM,SensitiveHUE,0.516488498,0.733983984,0.220815724,0.523713436,0.419163153,0.69775078
PSM,TVL-D,0.614080174,0.765449867,0.393633722,0.577999176,0.531826171,0.632951889
PSM,TopoGDN,0.431979347,0.63696767,0.449722339,0.45652478,0.318864177,0.80334728
PSM,xLSTMAD,0.561032442,0.774564676,0.469748371,0.551504845,0.385115901,0.971043025
SMAP,ALoRa,0.227084812,0.600465943,0.056996865,0.284367226,0.298367349,0.567211255
SMAP,CANDI,0.272636448,0.624209898,0.166502424,0.361164292,0.331877547,0.619200892
SMAP,KAN-AD,0.278050104,0.611048679,0.055562499,0.337003569,0.421241775,0.437369575
SMAP,SensitiveHUE,0.211341939,0.612697333,0.060862187,0.26637773,0.287008464,0.636264243
SMAP,TVL-D,0.453725496,0.748996821,0.32703596,0.499633114,0.550916707,0.605460451
SMAP,TopoGDN,0.217575362,0.652335418,0.081778619,0.302137928,0.26631512,0.650587519
SMAP,xLSTMAD,0.265986167,0.60511871,0.148324343,0.345263793,0.348114618,0.60241088
SMD,ALoRa,0.476001323,0.847306709,0.31796353,0.363253915,0.647670532,0.431336518
SMD,CANDI,0.450239479,0.88398379,0.319935086,0.426643671,0.544719038,0.549092677
SMD,KAN-AD,0.35133932,0.807163122,0.237801707,0.353548762,0.428803077,0.402693058
SMD,SensitiveHUE,0.434148892,0.853869046,0.266145304,0.362089859,0.600030457,0.480748668
SMD,TVL-D,0.47766924,0.892277892,0.292399876,0.517120023,0.583167503,0.574995732
SMD,TopoGDN,0.418831444,0.878913526,0.279535387,0.42622743,0.44799144,0.540814679
SMD,xLSTMAD,0.476450965,0.869924666,0.371256311,0.425095644,0.6159535,0.47410911
